{"cameraMode":{"drawMode":0,"name":"Shaded","section":"Shading Mode"},"sceneLighting":false,"audioPlay":false,"sceneViewState":{"showFog":true,"showMaterialUpdate":false,"showSkybox":false,"showFlares":true,"showImageEffects":true,"showParticleSystems":true},"in2DMode":false,"pivot":{"x":-0.5838178396224976,"y":-0.21989458799362184,"z":0.6043251752853394},"rotation":{"x":0.13357393443584443,"y":-0.4433978199958801,"z":0.06701093167066574,"w":0.8838010430335999},"size":1.323868989944458,"orthographic":false}