{"cameraMode":{"drawMode":0,"name":"Shaded","section":"Shading Mode"},"sceneLighting":false,"audioPlay":false,"sceneViewState":{"showFog":true,"showMaterialUpdate":false,"showSkybox":false,"showFlares":true,"showImageEffects":true,"showParticleSystems":true},"in2DMode":false,"pivot":{"x":-0.6524085998535156,"y":-0.1397864818572998,"z":0.35344183444976809},"rotation":{"x":0.16654963791370393,"y":-0.511803388595581,"z":0.10188369452953339,"w":0.8366455435752869},"size":1.6857500076293946,"orthographic":false}