{"cameraMode":{"drawMode":0,"name":"Shaded","section":"Shading Mode"},"sceneLighting":true,"audioPlay":false,"sceneViewState":{"showFog":true,"showMaterialUpdate":true,"showSkybox":true,"showFlares":true,"showImageEffects":true,"showParticleSystems":true},"in2DMode":false,"pivot":{"x":-18.3206729888916,"y":2.945833206176758,"z":15.676220893859864},"rotation":{"x":0.41069120168685915,"y":0.24643777310848237,"z":-0.11631931364536286,"w":0.8701035976409912},"size":11.641097068786621,"orthographic":false}