{"cameraMode":{"drawMode":0,"name":"Shaded","section":"Shading Mode"},"sceneLighting":true,"audioPlay":false,"sceneViewState":{"showFog":true,"showMaterialUpdate":false,"showSkybox":true,"showFlares":true,"showImageEffects":true,"showParticleSystems":true},"in2DMode":false,"pivot":{"x":12.56678581237793,"y":1.9067955017089844,"z":44.594295501708987},"rotation":{"x":0.313768208026886,"y":0.3383674621582031,"z":-0.1207975298166275,"w":0.8788997530937195},"size":22.770343780517579,"orthographic":false}